<?xml version="1.0" encoding="UTF-8"?>
<configuration scan="true">

    <!-- Property Definitions -->
    <property name="LOG_PATTERN" value="%d{yyyy-MM-dd HH:mm:ss.SSS} [%X{correlationId}] %-5level %logger{36} - %msg%n" />
    <property name="LOG_FILE" value="logs/app.log" />

    <!-- Console Appender -->
    <appender name="Console" class="ch.qos.logback.core.ConsoleAppender">
        <encoder>
            <pattern>${LOG_PATTERN}</pattern>
        </encoder>
    </appender>

    <!-- File Appender (rotates daily) -->
    <appender name="RollingFile" class="ch.qos.logback.core.rolling.RollingFileAppender">
        <file>${LOG_FILE}</file>
        <rollingPolicy class="ch.qos.logback.core.rolling.TimeBasedRollingPolicy">
            <fileNamePattern>logs/app-%d{yyyy-MM-dd}.log</fileNamePattern>
            <maxHistory>30</maxHistory>
        </rollingPolicy>
        <encoder>
            <pattern>${LOG_PATTERN}</pattern>
        </encoder>
    </appender>

    <!-- Optional: JSON Appender (for ELK/EFK stacks) -->
    <!--
    <appender name="JsonConsole" class="ch.qos.logback.core.ConsoleAppender">
        <encoder class="net.logstash.logback.encoder.LogstashEncoder"/>
    </appender>
    -->

    <!-- Root Logger -->
    <root level="INFO">
        <appender-ref ref="Console" />
        <appender-ref ref="RollingFile" />
        <!-- <appender-ref ref="JsonConsole" /> -->
    </root>

    <!-- Logger for application classes -->
    <logger name="com.example.streambridge" level="DEBUG" additivity="false">
        <appender-ref ref="Console" />
        <appender-ref ref="RollingFile" />
    </logger>

</configuration>
